name,asked_to_start_date
R-K0-8-1,2024-06-23T02:36:17
R-K0-8-2,2024-06-23T02:36:18
R-K0-8-3,2024-06-23T02:36:18
R-K0-8-4,2024-06-23T02:36:19
R-K0-8-5,2024-06-23T02:36:19
R-K0-8-6,2024-06-23T02:36:20
R-K0-8-7,2024-06-23T02:36:21
R-K0-8-8,2024-06-23T02:36:21
