name,run_number,created,started,ended,status,asked_to_start_date,collected_date
R-K0-8-8,2,2024-06-23T02:36:15,2024-06-23T02:38:21,2024-06-23T02:58:21,finished,2024-06-23T02:36:21,2024-06-23T02:59:39
R-K0-8-7,2,2024-06-23T02:36:13,2024-06-23T02:38:05,2024-06-23T02:59:21,finished,2024-06-23T02:36:21,2024-06-23T02:59:39
R-K0-8-6,2,2024-06-23T02:36:11,2024-06-23T02:37:54,2024-06-23T02:59:10,finished,2024-06-23T02:36:20,2024-06-23T02:59:39
R-K0-8-5,2,2024-06-23T02:36:09,2024-06-23T02:37:25,2024-06-23T02:58:12,finished,2024-06-23T02:36:19,2024-06-23T02:59:39
R-K0-8-4,2,2024-06-23T02:36:07,2024-06-23T02:37:18,2024-06-23T02:59:11,finished,2024-06-23T02:36:19,2024-06-23T02:59:39
R-K0-8-3,2,2024-06-23T02:36:05,2024-06-23T02:37:03,2024-06-23T02:57:51,finished,2024-06-23T02:36:18,2024-06-23T02:59:39
R-K0-8-2,2,2024-06-23T02:36:03,2024-06-23T02:36:47,2024-06-23T02:59:07,finished,2024-06-23T02:36:18,2024-06-23T02:59:39
R-K0-8-1,2,2024-06-23T02:36:01,2024-06-23T02:36:32,2024-06-23T02:58:43,finished,2024-06-23T02:36:17,2024-06-23T02:59:39
